timestamp,machine_id,state,power_kw,temperature_c,vibration_mm_s,rpm,production_units,status
2026-09-29T09:42:02,M01,NORMAL,4.18,43.87,1.93,1447,29,RUNNING
2026-09-29T09:42:02,M02,NORMAL,4.16,38.98,1.8,1438,27,RUNNING
2026-09-29T09:42:02,M03,NORMAL,4.72,39.45,1.5,1494,22,RUNNING
2026-09-29T09:42:04,M01,NORMAL,4.33,43.45,1.92,1429,21,RUNNING
2026-09-29T09:42:04,M02,NORMAL,4.51,38.3,1.17,1474,21,RUNNING
2026-09-29T09:42:04,M03,NORMAL,4.49,40.3,1.94,1462,27,RUNNING
2026-09-29T09:42:06,M01,NORMAL,4.51,41.67,1.08,1460,30,RUNNING
2026-09-29T09:42:06,M02,NORMAL,4.49,38.73,1.79,1495,20,RUNNING
2026-09-29T09:42:06,M03,NORMAL,4.32,41.54,1.56,1494,23,RUNNING
2026-09-29T09:42:08,M01,NORMAL,4.51,39.81,1.38,1419,25,RUNNING
2026-09-29T09:42:08,M02,NORMAL,4.13,43.38,1.21,1498,29,RUNNING
2026-09-29T09:42:08,M03,NORMAL,4.23,44.18,1.53,1460,19,RUNNING
2026-09-29T09:42:10,M01,NORMAL,4.28,38.12,1.69,1499,24,RUNNING
2026-09-29T09:42:10,M02,NORMAL,4.13,43.37,1.86,1443,29,RUNNING
2026-09-29T09:42:10,M03,NORMAL,4.0,41.31,1.01,1487,29,RUNNING
2026-09-29T09:42:12,M01,NORMAL,4.28,42.05,1.85,1438,23,RUNNING
2026-09-29T09:42:12,M02,NORMAL,4.36,41.19,1.02,1436,30,RUNNING
2026-09-29T09:42:12,M03,NORMAL,4.7,42.55,1.1,1407,30,RUNNING
2026-09-29T09:42:14,M01,NORMAL,4.46,40.23,1.32,1480,23,RUNNING
2026-09-29T09:42:14,M02,NORMAL,3.83,38.8,1.05,1417,20,RUNNING
2026-09-29T09:42:14,M03,NORMAL,4.29,43.17,1.26,1469,23,RUNNING
2026-09-29T09:42:16,M01,NORMAL,4.19,41.03,1.58,1484,22,RUNNING
2026-09-29T09:42:16,M02,NORMAL,4.59,38.48,1.8,1491,29,RUNNING
2026-09-29T09:42:16,M03,STARTUP,5.24,41.77,2.28,1214,10,RUNNING
2026-09-29T09:42:18,M01,NORMAL,4.26,40.08,1.48,1475,24,RUNNING
2026-09-29T09:42:18,M02,NORMAL,4.25,41.01,1.19,1492,18,RUNNING
2026-09-29T09:42:18,M03,STARTUP,5.32,35.86,2.36,1048,7,RUNNING
2026-09-29T09:42:20,M01,NORMAL,4.49,40.07,1.87,1458,28,RUNNING
2026-09-29T09:42:20,M02,NORMAL,4.01,43.01,1.11,1470,24,RUNNING
2026-09-29T09:42:20,M03,STARTUP,5.15,40.65,2.36,1113,6,RUNNING
2026-09-29T09:42:22,M01,NORMAL,3.94,41.31,1.06,1428,21,RUNNING
2026-09-29T09:42:22,M02,NORMAL,4.55,43.09,1.77,1408,22,RUNNING
2026-09-29T09:42:22,M03,STARTUP,5.27,38.44,1.87,1274,5,RUNNING
2026-09-29T09:42:24,M01,NORMAL,4.22,40.48,1.8,1453,26,RUNNING
2026-09-29T09:42:24,M02,NORMAL,3.98,38.38,1.49,1419,28,RUNNING
2026-09-29T09:42:24,M03,STARTUP,5.41,40.09,2.3,1136,8,RUNNING
2026-09-29T09:42:26,M01,NORMAL,4.71,44.2,1.61,1414,19,RUNNING
2026-09-29T09:42:26,M02,NORMAL,3.95,38.27,1.53,1433,29,RUNNING
2026-09-29T09:42:26,M03,STARTUP,5.83,36.6,2.31,1048,6,RUNNING
2026-09-29T09:42:28,M01,NORMAL,4.54,44.9,1.01,1423,22,RUNNING
2026-09-29T09:42:28,M02,NORMAL,4.55,43.94,1.18,1493,22,RUNNING
2026-09-29T09:42:28,M03,STARTUP,5.27,39.34,1.96,1181,10,RUNNING
2026-09-29T09:42:30,M01,NORMAL,4.51,40.66,1.27,1494,29,RUNNING
2026-09-29T09:42:30,M02,NORMAL,4.58,42.87,1.12,1421,23,RUNNING
2026-09-29T09:42:30,M03,STARTUP,5.82,40.6,1.8,1211,6,RUNNING
2026-09-29T09:42:32,M01,NORMAL,4.43,41.91,1.77,1481,20,RUNNING
2026-09-29T09:42:32,M02,HIGH_LOAD,5.48,54.91,2.62,1422,32,RUNNING
2026-09-29T09:42:32,M03,NORMAL,4.0,42.49,1.49,1494,19,RUNNING
2026-09-29T09:42:34,M01,NORMAL,4.69,38.19,1.99,1495,24,RUNNING
2026-09-29T09:42:34,M02,HIGH_LOAD,5.35,49.37,2.75,1300,31,RUNNING
2026-09-29T09:42:34,M03,NORMAL,4.53,40.74,1.54,1455,18,RUNNING
2026-09-29T09:42:36,M01,NORMAL,4.11,41.65,1.2,1440,25,RUNNING
2026-09-29T09:42:36,M02,HIGH_LOAD,5.51,49.54,3.22,1446,34,RUNNING
2026-09-29T09:42:36,M03,NORMAL,4.54,39.45,1.05,1470,30,RUNNING
2026-09-29T09:42:38,M01,NORMAL,4.8,40.83,1.46,1403,27,RUNNING
2026-09-29T09:42:38,M02,HIGH_LOAD,6.43,48.11,2.38,1431,27,RUNNING
2026-09-29T09:42:38,M03,NORMAL,4.45,41.22,1.76,1422,19,RUNNING
2026-09-29T09:42:40,M01,NORMAL,4.43,43.46,1.49,1469,20,RUNNING
2026-09-29T09:42:40,M02,ABNORMAL,6.71,63.95,4.71,1242,12,RUNNING
2026-09-29T09:42:40,M03,NORMAL,4.8,41.15,1.38,1435,24,RUNNING
2026-09-29T09:42:42,M01,NORMAL,4.5,41.42,1.24,1466,27,RUNNING
2026-09-29T09:42:42,M02,ABNORMAL,7.33,63.32,4.79,1219,19,RUNNING
2026-09-29T09:42:42,M03,NORMAL,4.31,41.83,1.43,1471,23,RUNNING
2026-09-29T09:42:44,M01,NORMAL,4.57,39.56,1.54,1474,25,RUNNING
2026-09-29T09:42:44,M02,ABNORMAL,6.74,60.92,5.24,1339,12,RUNNING
2026-09-29T09:42:44,M03,NORMAL,4.16,41.5,1.06,1452,20,RUNNING
2026-09-29T09:42:46,M01,NORMAL,4.33,38.14,1.11,1490,24,RUNNING
2026-09-29T09:42:46,M02,ABNORMAL,7.16,63.89,4.38,1233,15,RUNNING
2026-09-29T09:42:46,M03,NORMAL,4.38,43.63,1.84,1463,20,RUNNING
2026-09-29T09:42:48,M01,HIGH_LOAD,5.44,48.67,2.28,1379,32,RUNNING
2026-09-29T09:42:48,M02,ABNORMAL,6.71,57.65,5.49,1266,20,RUNNING
2026-09-29T09:42:48,M03,STARTUP,5.6,36.46,2.46,1255,6,RUNNING
2026-09-29T09:42:50,M01,HIGH_LOAD,5.66,54.83,3.19,1358,28,RUNNING
2026-09-29T09:42:50,M02,ABNORMAL,7.44,60.49,5.31,1223,12,RUNNING
2026-09-29T09:42:50,M03,STARTUP,5.15,41.81,1.51,1038,7,RUNNING
2026-09-29T09:42:52,M01,HIGH_LOAD,5.5,47.27,3.06,1439,25,RUNNING
2026-09-29T09:42:52,M02,ABNORMAL,7.38,61.03,4.32,1269,19,RUNNING
2026-09-29T09:42:52,M03,STARTUP,5.13,41.96,2.0,1105,5,RUNNING
2026-09-29T09:42:54,M01,HIGH_LOAD,6.44,49.52,3.33,1422,28,RUNNING
2026-09-29T09:42:54,M02,ABNORMAL,6.55,64.6,5.68,1297,13,RUNNING
2026-09-29T09:42:54,M03,STARTUP,5.2,35.65,2.27,1196,8,RUNNING
2026-09-29T09:42:56,M01,HIGH_LOAD,5.58,45.6,2.03,1399,28,RUNNING
2026-09-29T09:42:56,M02,ABNORMAL,6.53,58.07,4.75,1210,18,RUNNING
2026-09-29T09:42:56,M03,STARTUP,5.45,41.08,2.37,1115,8,RUNNING
2026-09-29T09:42:58,M01,HIGH_LOAD,5.87,47.09,2.53,1438,26,RUNNING
2026-09-29T09:42:58,M02,ABNORMAL,7.19,61.72,5.0,1259,18,RUNNING
2026-09-29T09:42:58,M03,STARTUP,5.48,37.29,2.11,1247,6,RUNNING
2026-09-29T09:43:00,M01,HIGH_LOAD,6.45,52.96,3.27,1415,28,RUNNING
2026-09-29T09:43:00,M02,ABNORMAL,6.61,55.13,5.09,1294,14,RUNNING
2026-09-29T09:43:00,M03,STARTUP,5.65,38.04,1.98,1209,6,RUNNING
2026-09-29T09:43:02,M01,HIGH_LOAD,6.04,52.43,2.2,1419,31,RUNNING
2026-09-29T09:43:02,M02,ABNORMAL,6.64,62.66,4.27,1278,12,RUNNING
2026-09-29T09:43:02,M03,STARTUP,5.9,38.29,1.9,1279,6,RUNNING
2026-09-29T09:43:04,M01,HIGH_LOAD,5.07,54.51,3.1,1326,31,RUNNING
2026-09-29T09:43:04,M02,IDLE,0.82,32.59,0.47,293,0,IDLE
2026-09-29T09:43:04,M03,IDLE,0.79,34.55,0.41,290,0,IDLE
2026-09-29T09:43:06,M01,HIGH_LOAD,5.15,53.64,2.09,1336,26,RUNNING
2026-09-29T09:43:06,M02,IDLE,0.89,34.84,0.43,93,0,IDLE
2026-09-29T09:43:06,M03,IDLE,0.53,30.88,0.68,150,0,IDLE
2026-09-29T09:43:08,M01,HIGH_LOAD,5.07,54.8,2.39,1434,31,RUNNING
2026-09-29T09:43:08,M02,IDLE,0.64,30.15,0.35,272,0,IDLE
2026-09-29T09:43:08,M03,IDLE,1.05,35.28,0.33,50,0,IDLE
